exact,f1,total,HasAns_exact,HasAns_f1,HasAns_total,NoAns_exact,NoAns_f1,NoAns_total,best_exact,best_exact_thresh,best_f1,best_f1_thresh
78.15210982902383,81.14977374040235,11873,70.17543859649123,76.17936295880526,5928,86.10597140454163,86.10597140454163,5945,78.15210982902383,0.0,81.1497737404022,0.0
78.71641539627727,82.0414285193602,11873,74.15654520917678,80.81610674938656,5928,83.2632464255677,83.2632464255677,5945,78.71641539627727,0.0,82.04142851936011,0.0
76.77082455992588,80.39487190517924,11873,77.66531713900135,84.92380467783306,5928,75.87888982338099,75.87888982338099,5945,76.77082455992588,0.0,80.39487190517916,0.0
